Workbook

Sheet Leads
A1: Firma | B1: Stadt | C1: Website | D1: Google-Maps-Link | E1: Telefon | F1: E-Mail | G1: Google ★ | H1: Anzahl Reviews | I1: Letzte Review | J1: Mobile-Score (0-100) | K1: Click-to-Call? | L1: Anfrage-Formular / CTA? | M1: Design veraltet (1-5) | N1: Lead-Score | O1: Priorität | P1: Hauptproblem (1 Satz für die Nachricht) | Q1: Status | R1: Kontaktiert am | S1: Follow-up am | T1: Notizen / Einwände
N2: =IF(A2="","",IF(AND(G2<>"",G2<4),"Ausschluss",IF(G2>=4.5,2,0)+IF(H2>=50,2,IF(H2>=20,1,0))+IF(AND(I2<>"",I2>=TODAY()-90),1,0)+IF(J2="",0,IF(J2<50,2,IF(J2<70,1,0)))+IF(K2="Nein",1,0)+IF(L2="Nein",1,0)+IF(M2="",0,IF(M2>=4,2,IF(M2=3,1,0))))) | O2: =IF(N2="","",IF(N2="Ausschluss","–",IF(N2>=8,"A",IF(N2>=5,"B","C")))) | S2: =IF(R2="","",R2+3)
N3: =IF(A3="","",IF(AND(G3<>"",G3<4),"Ausschluss",IF(G3>=4.5,2,0)+IF(H3>=50,2,IF(H3>=20,1,0))+IF(AND(I3<>"",I3>=TODAY()-90),1,0)+IF(J3="",0,IF(J3<50,2,IF(J3<70,1,0)))+IF(K3="Nein",1,0)+IF(L3="Nein",1,0)+IF(M3="",0,IF(M3>=4,2,IF(M3=3,1,0))))) | O3: =IF(N3="","",IF(N3="Ausschluss","–",IF(N3>=8,"A",IF(N3>=5,"B","C")))) | S3: =IF(R3="","",R3+3)
N4: =IF(A4="","",IF(AND(G4<>"",G4<4),"Ausschluss",IF(G4>=4.5,2,0)+IF(H4>=50,2,IF(H4>=20,1,0))+IF(AND(I4<>"",I4>=TODAY()-90),1,0)+IF(J4="",0,IF(J4<50,2,IF(J4<70,1,0)))+IF(K4="Nein",1,0)+IF(L4="Nein",1,0)+IF(M4="",0,IF(M4>=4,2,IF(M4=3,1,0))))) | O4: =IF(N4="","",IF(N4="Ausschluss","–",IF(N4>=8,"A",IF(N4>=5,"B","C")))) | S4: =IF(R4="","",R4+3)
N5: =IF(A5="","",IF(AND(G5<>"",G5<4),"Ausschluss",IF(G5>=4.5,2,0)+IF(H5>=50,2,IF(H5>=20,1,0))+IF(AND(I5<>"",I5>=TODAY()-90),1,0)+IF(J5="",0,IF(J5<50,2,IF(J5<70,1,0)))+IF(K5="Nein",1,0)+IF(L5="Nein",1,0)+IF(M5="",0,IF(M5>=4,2,IF(M5=3,1,0))))) | O5: =IF(N5="","",IF(N5="Ausschluss","–",IF(N5>=8,"A",IF(N5>=5,"B","C")))) | S5: =IF(R5="","",R5+3)
N6: =IF(A6="","",IF(AND(G6<>"",G6<4),"Ausschluss",IF(G6>=4.5,2,0)+IF(H6>=50,2,IF(H6>=20,1,0))+IF(AND(I6<>"",I6>=TODAY()-90),1,0)+IF(J6="",0,IF(J6<50,2,IF(J6<70,1,0)))+IF(K6="Nein",1,0)+IF(L6="Nein",1,0)+IF(M6="",0,IF(M6>=4,2,IF(M6=3,1,0))))) | O6: =IF(N6="","",IF(N6="Ausschluss","–",IF(N6>=8,"A",IF(N6>=5,"B","C")))) | S6: =IF(R6="","",R6+3)
N7: =IF(A7="","",IF(AND(G7<>"",G7<4),"Ausschluss",IF(G7>=4.5,2,0)+IF(H7>=50,2,IF(H7>=20,1,0))+IF(AND(I7<>"",I7>=TODAY()-90),1,0)+IF(J7="",0,IF(J7<50,2,IF(J7<70,1,0)))+IF(K7="Nein",1,0)+IF(L7="Nein",1,0)+IF(M7="",0,IF(M7>=4,2,IF(M7=3,1,0))))) | O7: =IF(N7="","",IF(N7="Ausschluss","–",IF(N7>=8,"A",IF(N7>=5,"B","C")))) | S7: =IF(R7="","",R7+3)
N8: =IF(A8="","",IF(AND(G8<>"",G8<4),"Ausschluss",IF(G8>=4.5,2,0)+IF(H8>=50,2,IF(H8>=20,1,0))+IF(AND(I8<>"",I8>=TODAY()-90),1,0)+IF(J8="",0,IF(J8<50,2,IF(J8<70,1,0)))+IF(K8="Nein",1,0)+IF(L8="Nein",1,0)+IF(M8="",0,IF(M8>=4,2,IF(M8=3,1,0))))) | O8: =IF(N8="","",IF(N8="Ausschluss","–",IF(N8>=8,"A",IF(N8>=5,"B","C")))) | S8: =IF(R8="","",R8+3)
N9: =IF(A9="","",IF(AND(G9<>"",G9<4),"Ausschluss",IF(G9>=4.5,2,0)+IF(H9>=50,2,IF(H9>=20,1,0))+IF(AND(I9<>"",I9>=TODAY()-90),1,0)+IF(J9="",0,IF(J9<50,2,IF(J9<70,1,0)))+IF(K9="Nein",1,0)+IF(L9="Nein",1,0)+IF(M9="",0,IF(M9>=4,2,IF(M9=3,1,0))))) | O9: =IF(N9="","",IF(N9="Ausschluss","–",IF(N9>=8,"A",IF(N9>=5,"B","C")))) | S9: =IF(R9="","",R9+3)
N10: =IF(A10="","",IF(AND(G10<>"",G10<4),"Ausschluss",IF(G10>=4.5,2,0)+IF(H10>=50,2,IF(H10>=20,1,0))+IF(AND(I10<>"",I10>=TODAY()-90),1,0)+IF(J10="",0,IF(J10<50,2,IF(J10<70,1,0)))+IF(K10="Nein",1,0)+IF(L10="Nein",1,0)+IF(M10="",0,IF(M10>=4,2,IF(M10=3,1,0))))) | O10: =IF(N10="","",IF(N10="Ausschluss","–",IF(N10>=8,"A",IF(N10>=5,"B","C")))) | S10: =IF(R10="","",R10+3)
N11: =IF(A11="","",IF(AND(G11<>"",G11<4),"Ausschluss",IF(G11>=4.5,2,0)+IF(H11>=50,2,IF(H11>=20,1,0))+IF(AND(I11<>"",I11>=TODAY()-90),1,0)+IF(J11="",0,IF(J11<50,2,IF(J11<70,1,0)))+IF(K11="Nein",1,0)+IF(L11="Nein",1,0)+IF(M11="",0,IF(M11>=4,2,IF(M11=3,1,0))))) | O11: =IF(N11="","",IF(N11="Ausschluss","–",IF(N11>=8,"A",IF(N11>=5,"B","C")))) | S11: =IF(R11="","",R11+3)
N12: =IF(A12="","",IF(AND(G12<>"",G12<4),"Ausschluss",IF(G12>=4.5,2,0)+IF(H12>=50,2,IF(H12>=20,1,0))+IF(AND(I12<>"",I12>=TODAY()-90),1,0)+IF(J12="",0,IF(J12<50,2,IF(J12<70,1,0)))+IF(K12="Nein",1,0)+IF(L12="Nein",1,0)+IF(M12="",0,IF(M12>=4,2,IF(M12=3,1,0))))) | O12: =IF(N12="","",IF(N12="Ausschluss","–",IF(N12>=8,"A",IF(N12>=5,"B","C")))) | S12: =IF(R12="","",R12+3)
N13: =IF(A13="","",IF(AND(G13<>"",G13<4),"Ausschluss",IF(G13>=4.5,2,0)+IF(H13>=50,2,IF(H13>=20,1,0))+IF(AND(I13<>"",I13>=TODAY()-90),1,0)+IF(J13="",0,IF(J13<50,2,IF(J13<70,1,0)))+IF(K13="Nein",1,0)+IF(L13="Nein",1,0)+IF(M13="",0,IF(M13>=4,2,IF(M13=3,1,0))))) | O13: =IF(N13="","",IF(N13="Ausschluss","–",IF(N13>=8,"A",IF(N13>=5,"B","C")))) | S13: =IF(R13="","",R13+3)
... N101: =IF(A101="","",IF(AND(G101<>"",G101<4),"Ausschluss",IF(G101>=4.5,2,0)+IF(H101>=50,2,IF(H101>=20,1,0))+IF(AND(I101<>"",I101>=TODAY()-90),1,0)+IF(J101="",0,IF(J101<50,2,IF(J101<70,1,0)))+IF(K101="Nein",1,0)+IF(L101="Nein",1,0)+IF(M101="",0,IF(M101>=4,2,IF(M101=3,1,0))))) | O101: =IF(N101="","",IF(N101="Ausschluss","–",IF(N101>=8,"A",IF(N101>=5,"B","C")))) | S101: =IF(R101="","",R101+3)

Sheet Anleitung
A1: Lead-Tabelle: Roofing Texas | D1: Pipeline
A2: Ziel | B2: Gute Firmen mit schwachem Webauftritt finden: viele gute Reviews, aber alte, langsame oder schlecht bedienbare Website. | D2: Neu | E2: =COUNTIF(Leads!$Q$2:$Q$101,D2)
A3: Wo finden? | B3: Google Maps: 'roofing contractor [Stadt] TX' (Dallas, Fort Worth, Plano, Frisco, Houston, Austin, San Antonio …). | D3: Recherchiert | E3: =COUNTIF(Leads!$Q$2:$Q$101,D3)
D4: Kontaktiert | E4: =COUNTIF(Leads!$Q$2:$Q$101,D4)
A5: Spalte | B5: Was eintragen | D5: Antwort | E5: =COUNTIF(Leads!$Q$2:$Q$101,D5)
A6: Google ★ / Anzahl Reviews | B6: Direkt aus Google Maps. Unter 4,0 Sterne = automatisch 'Ausschluss'. | D6: Call gebucht | E6: =COUNTIF(Leads!$Q$2:$Q$101,D6)
A7: Letzte Review | B7: Datum der neuesten Bewertung. Innerhalb der letzten 90 Tage = Firma ist aktiv (+1 Punkt). | D7: Angebot geschickt | E7: =COUNTIF(Leads!$Q$2:$Q$101,D7)
A8: Mobile-Score | B8: pagespeed.web.dev → Website eingeben → Reiter 'Mobil' → Zahl bei 'Leistung'. | D8: Gewonnen | E8: =COUNTIF(Leads!$Q$2:$Q$101,D8)
A9: Click-to-Call? | B9: Am Handy öffnen: Kann man die Nummer direkt antippen und anrufen? Ja/Nein. | D9: Verloren | E9: =COUNTIF(Leads!$Q$2:$Q$101,D9)
A10: Anfrage-Formular / CTA? | B10: Gibt es oben sofort einen klaren Button/Formular für ein Angebot? Ja/Nein. | D10: Kein Interesse | E10: =COUNTIF(Leads!$Q$2:$Q$101,D10)
A11: Design veraltet (1-5) | B11: Bauchgefühl nach 10 Sekunden. 1 = modern, 5 = sieht aus wie 2010. | D11: Leads gesamt | E11: =COUNTA(Leads!$A$2:$A$101)
A12: Hauptproblem | B12: Ein Satz für die persönliche Nachricht, z.B. 'Nummer am Handy nicht antippbar, Seite lädt 9 Sek.' | D12: Priorität A | E12: =COUNTIF(Leads!$O$2:$O$101,"A")
A13: Status / Kontaktiert am | B13: Nach dem Anschreiben 'Kontaktiert' + Datum. Follow-up wird automatisch +3 Tage gesetzt und rot, wenn fällig.
A15: Grau hinterlegt | B15: Lead-Score, Priorität, Follow-up am: automatisch, nicht überschreiben.
A16: Lead-Score (max. 11) | B16: Gute Firma: ★≥4,5 (+2), ≥50 Reviews (+2) bzw. ≥20 (+1), aktiv (+1). Schwache Website: Mobile <50 (+2) bzw. <70 (+1), kein Click-to-Call (+1), kein CTA (+1), Design 4–5 (+2) bzw. 3 (+1).
A17: Priorität | B17: A = 8+ Punkte (zuerst anschreiben), B = 5–7, C = unter 5.
A18: Regel | B18: Keine Daten erfinden, nur öffentlich sichtbare Infos. Keine privaten Handynummern oder E-Mails.
